,NAME,efficientnet_b5_NR_pc,efficientnet_b5_NR_pjm,efficientnet_b5_NR_pjuni,efficientnet_b5_NR_puerd
0,20221017174457.jpg,0.47220921516418457,0.11516387015581131,0.22307360172271729,0.18955321609973907
