,NAME,mixnet_xL_NR_mish_pc,mixnet_xL_NR_mish_pjm,mixnet_xL_NR_mish_pjuni,mixnet_xL_NR_mish_puerd
0,20221017174457.jpg,0.6773395538330078,1.7055484136108134e-08,0.3226603865623474,3.117265023888649e-08
