,NAME,efficientnet_b2_pc,efficientnet_b2_pjm,efficientnet_b2_pjuni,efficientnet_b2_puerd
0,00008.jpg,0.15184998513925974,0.8123393654823303,0.03522799915937593,0.00058266753330825
