,NAME,mixnet_xL_NR_mish_pc,mixnet_xL_NR_mish_pjm,mixnet_xL_NR_mish_pjuni,mixnet_xL_NR_mish_puerd
0,00008.jpg,0.27691614627838135,8.163413411921283e-08,0.7230836749076843,9.834342762360393e-08
